用户名,密码,姓名,身份证号,性别,手机号
姐法眼一睁就知道你是妖孽,123456,李思琪,512002201603139788,男,15812349876
月老下次麻烦给我打死结,123456,张浩然,52020320180105917X,男,18634567890
聚是一坨屎，散是满天稀,123456,刘诗雨,130532200011242835,男,13678901234
再美的网名也不及你的名字,123456,陈俊杰,130434200510126596,男,15123456789
采菇凉的蘑菇,123456,赵婉清,620823197705267350,男,18765432109
月亮是指路牌。,123456,钱泽宇,130526196809029789,男,13543218765
你算哪块草莓夹心小饼干,123456,周子涵,330702195407303696,男,18898765432
农村城市混血儿,123456,吴昊天,441203200109110959,男,13724681357
够不够沙雕，够不够刺激，哈哈~,123456,郑雅婷,513425202403147822,女,15986420973
骑死飞带你火辣辣,123456,王一诺,370704194503246711,女,18235794680
黄帆船：团结的船。,123456,李俊熙,411627196008234504,女,13456789012
这个名字真的有十个字,123456,张梓涵,654028195203014765,女,13398765432
森林里的蓝精灵,123456,刘思远,450304199612258632,女,15678901234
我要瞎野回幼儿园当学霸,123456,陈欣怡,500107197509101139,女,18543216789
(男神)(男神真菜),123456,赵子龙,130527194606295531,女,17712345678
十余次遣唐使团到中国留学,123456,钱思琪,654027195807285391,女,17898765432
脑子他漏水了,123456,孙浩宇,420105197804301114,女,14713572468
总有些惊奇的奇遇,123456,杨明宇,522725196003060831,女,15324681357
有一种范儿叫霸气,123456,徐静怡,513334199502180966,男,18965432109
出奇小组：出乎意料其思妙想。,123456,黄子轩,341182197308121898,男,13198765432
好人一生平胸,123456,何思琪,520325202407174629,男,13234567890
待我胡须及腰,123456,韩宇航,469028198805224359,男,15567890123
嫌我矮别直说,123456,吴欣怡,440106195501295694,男,18123456789
别拿你的下贱挑战我的耐心,123456,郭俊杰,530326198702130484,男,18398765432
把作业装进篮子里去,123456,梁婉清,320104194707035324,男,18456789012
没关系丶我们可以数星星,123456,周泽宇,360121197409149216,男,17654321098
要离开就滚远点,123456,冯悦琳,53340119870527752X,男,17567890123
痴情是女孩的人生陷阱。,123456,宋子涵,210304198401150526,男,17123456789
我可以惯着你也可以换了你,123456,马昊天,431026197401258587,男,17298765432
爱笑的智障猫,123456,秦雅婷,361129202308063208,男,14567890123
疯疯蠢蠢走一生,123456,赵一诺,211422200411056305,男,14987654321
多次拒绝王阿姨,123456,钱俊熙,450621200212147827,男,15765432109
撞进先生怀里,123456,孙梓涵,500238198807219594,男,15234567890
幼稚园里的幼稚鬼,123456,李思远,451121201908273934,男,18012345678
春困，夏倦，秋乏，冬眠，四季如梦。,123456,周欣怡,420107201407287058,男,18198765432
(红色小裤衩)(白色小背心),123456,吴子龙,131081201311057071,男,17345678901
